State,Month and Year,Workforce Size,Unemp Size
Alabama,1/1/2019 0:00,2227943,93307
Alaska,1/1/2019 0:00,344073,23811
Arizona,1/1/2019 0:00,3495956,179956
Arkansas,1/1/2019 0:00,1343146,57056
California,1/1/2019 0:00,19346174,929788
Colorado,1/1/2019 0:00,3102194,112314
Connecticut,1/1/2019 0:00,1896499,87253
Delaware,1/1/2019 0:00,483380,18880
D.C.,1/1/2019 0:00,405356,25071
Florida,1/1/2019 0:00,10224613,387181
Georgia,1/1/2019 0:00,5092817,215348
Hawaii,1/1/2019 0:00,667666,19125
Idaho,1/1/2019 0:00,865592,34546
Illinois,1/1/2019 0:00,6437765,338614
Indiana,1/1/2019 0:00,3387262,143577
Iowa,1/1/2019 0:00,1706902,59227
Kansas,1/1/2019 0:00,1475063,54215
Kentucky,1/1/2019 0:00,2043353,97122
Louisiana,1/1/2019 0:00,2078711,108242
Maine,1/1/2019 0:00,685064,27803
Maryland,1/1/2019 0:00,3229802,139112
Massachusetts,1/1/2019 0:00,3793621,142092
Michigan,1/1/2019 0:00,4909207,246851
Minnesota,1/1/2019 0:00,3083538,132841
Mississippi,1/1/2019 0:00,1259513,70218
Missouri,1/1/2019 0:00,3046480,117032
Montana,1/1/2019 0:00,526011,23572
Nebraska,1/1/2019 0:00,1020985,35091
Nevada,1/1/2019 0:00,1521685,68915
New Hampshire,1/1/2019 0:00,766918,23168
New Jersey,1/1/2019 0:00,4436343,192950
New Mexico,1/1/2019 0:00,943522,49961
New York,1/1/2019 0:00,9515496,452704
North Carolina,1/1/2019 0:00,5013715,224516
North Dakota,1/1/2019 0:00,397265,12283
Ohio,1/1/2019 0:00,5752171,296269
Oklahoma,1/1/2019 0:00,1826684,68128
Oregon,1/1/2019 0:00,2092729,100262
Pennsylvania,1/1/2019 0:00,6426941,296686
Rhode Island,1/1/2019 0:00,552518,25358
South Carolina,1/1/2019 0:00,2355435,93620
South Dakota,1/1/2019 0:00,455509,16112
Tennessee,1/1/2019 0:00,3293608,128818
Texas,1/1/2019 0:00,13938076,572335
Utah,1/1/2019 0:00,1580516,49224
Vermont,1/1/2019 0:00,342973,9950
Virginia,1/1/2019 0:00,4351685,149375
Washington,1/1/2019 0:00,3860249,204534
West Virginia,1/1/2019 0:00,782264,44953
Wisconsin,1/1/2019 0:00,3083718,113566
Wyoming,1/1/2019 0:00,288249,12226
Alabama,2/1/2019 0:00,2243685,85826
Alaska,2/1/2019 0:00,345233,24287
Arizona,2/1/2019 0:00,3510890,165408
Arkansas,2/1/2019 0:00,1356816,55054
California,2/1/2019 0:00,19429914,867237
Colorado,2/1/2019 0:00,3117842,102050
Connecticut,2/1/2019 0:00,1894430,81710
Delaware,2/1/2019 0:00,483342,18515
D.C.,2/1/2019 0:00,409166,24537
Florida,2/1/2019 0:00,10273434,337903
Georgia,2/1/2019 0:00,5107139,193831
Hawaii,2/1/2019 0:00,664846,17830
Idaho,2/1/2019 0:00,868778,32131
Illinois,2/1/2019 0:00,6458354,303327
Indiana,2/1/2019 0:00,3392383,132171
Iowa,2/1/2019 0:00,1717025,53763
Kansas,2/1/2019 0:00,1478880,51300
Kentucky,2/1/2019 0:00,2057642,98295
Louisiana,2/1/2019 0:00,2080031,88147
Maine,2/1/2019 0:00,684088,27128
Maryland,2/1/2019 0:00,3231432,129713
Massachusetts,2/1/2019 0:00,3799710,131066
Michigan,2/1/2019 0:00,4932764,222644
Minnesota,2/1/2019 0:00,3086374,120118
Mississippi,2/1/2019 0:00,1267685,65518
Missouri,2/1/2019 0:00,3064263,114401
Montana,2/1/2019 0:00,526862,22234
Nebraska,2/1/2019 0:00,1025913,34201
Nevada,2/1/2019 0:00,1532073,64458
New Hampshire,2/1/2019 0:00,768121,23351
New Jersey,2/1/2019 0:00,4458702,183781
New Mexico,2/1/2019 0:00,949111,48330
New York,2/1/2019 0:00,9542016,433666
North Carolina,2/1/2019 0:00,5059666,211746
North Dakota,2/1/2019 0:00,399102,12206
Ohio,2/1/2019 0:00,5769567,262543
Oklahoma,2/1/2019 0:00,1834246,63821
Oregon,2/1/2019 0:00,2098128,95571
Pennsylvania,2/1/2019 0:00,6442370,287000
Rhode Island,2/1/2019 0:00,552145,23490
South Carolina,2/1/2019 0:00,2361320,83113
South Dakota,2/1/2019 0:00,458034,16673
Tennessee,2/1/2019 0:00,3316279,113360
Texas,2/1/2019 0:00,14001465,515242
Utah,2/1/2019 0:00,1587922,49673
Vermont,2/1/2019 0:00,343442,9359
Virginia,2/1/2019 0:00,4379746,137614
Washington,2/1/2019 0:00,3880267,198314
West Virginia,2/1/2019 0:00,789220,46841
Wisconsin,2/1/2019 0:00,3101942,118589
Wyoming,2/1/2019 0:00,288220,11011
Alabama,3/1/2019 0:00,2246183,77314
Alaska,3/1/2019 0:00,345061,23455
Arizona,3/1/2019 0:00,3521017,165883
Arkansas,3/1/2019 0:00,1358425,47229
California,3/1/2019 0:00,19393147,864141
Colorado,3/1/2019 0:00,3114112,97015
Connecticut,3/1/2019 0:00,1896122,75987
Delaware,3/1/2019 0:00,486109,17869
D.C.,3/1/2019 0:00,409447,22965
Florida,3/1/2019 0:00,10264830,330228
Georgia,3/1/2019 0:00,5102935,182864
Hawaii,3/1/2019 0:00,665482,17942
Idaho,3/1/2019 0:00,870361,30707
Illinois,3/1/2019 0:00,6458721,286272
Indiana,3/1/2019 0:00,3391157,126893
Iowa,3/1/2019 0:00,1723627,55431
Kansas,3/1/2019 0:00,1476085,49849
Kentucky,3/1/2019 0:00,2072300,97348
Louisiana,3/1/2019 0:00,2082795,85628
Maine,3/1/2019 0:00,685242,26477
Maryland,3/1/2019 0:00,3239714,121415
Massachusetts,3/1/2019 0:00,3801221,124631
Michigan,3/1/2019 0:00,4937472,228961
Minnesota,3/1/2019 0:00,3090439,121301
Mississippi,3/1/2019 0:00,1269582,64742
Missouri,3/1/2019 0:00,3068119,112909
Montana,3/1/2019 0:00,527703,22162
Nebraska,3/1/2019 0:00,1029235,34777
Nevada,3/1/2019 0:00,1530663,62206
New Hampshire,3/1/2019 0:00,770508,22725
New Jersey,3/1/2019 0:00,4450191,164678
New Mexico,3/1/2019 0:00,945164,45161
New York,3/1/2019 0:00,9529122,400570
North Carolina,3/1/2019 0:00,5072312,203528
North Dakota,3/1/2019 0:00,399926,12136
Ohio,3/1/2019 0:00,5774816,244786
Oklahoma,3/1/2019 0:00,1837114,59370
Oregon,3/1/2019 0:00,2096772,94455
Pennsylvania,3/1/2019 0:00,6431249,275015
Rhode Island,3/1/2019 0:00,549669,21490
South Carolina,3/1/2019 0:00,2370345,79731
South Dakota,3/1/2019 0:00,459822,16563
Tennessee,3/1/2019 0:00,3330420,116176
Texas,3/1/2019 0:00,13976212,489883
Utah,3/1/2019 0:00,1590434,48291
Vermont,3/1/2019 0:00,343679,9206
Virginia,3/1/2019 0:00,4392682,131359
Washington,3/1/2019 0:00,3889343,187240
West Virginia,3/1/2019 0:00,784130,41124
Wisconsin,3/1/2019 0:00,3096679,117577
Wyoming,3/1/2019 0:00,289806,11211
Alabama,4/1/2019 0:00,2235992,58992
Alaska,4/1/2019 0:00,343620,21609
Arizona,4/1/2019 0:00,3504642,157118
Arkansas,4/1/2019 0:00,1359511,41249
California,4/1/2019 0:00,19238934,733781
Colorado,4/1/2019 0:00,3109558,85675
Connecticut,4/1/2019 0:00,1886447,62637
Delaware,4/1/2019 0:00,486111,16882
D.C.,4/1/2019 0:00,409186,20741
Florida,4/1/2019 0:00,10229389,298056
Georgia,4/1/2019 0:00,5064999,158519
Hawaii,4/1/2019 0:00,663211,17225
Idaho,4/1/2019 0:00,872118,25898
Illinois,4/1/2019 0:00,6413186,234005
Indiana,4/1/2019 0:00,3373458,96412
Iowa,4/1/2019 0:00,1724077,42760
Kansas,4/1/2019 0:00,1473233,41220
Kentucky,4/1/2019 0:00,2063511,80609
Louisiana,4/1/2019 0:00,2082577,78569
Maine,4/1/2019 0:00,685039,22976
Maryland,4/1/2019 0:00,3226095,103809
Massachusetts,4/1/2019 0:00,3784300,103672
Michigan,4/1/2019 0:00,4884834,179338
Minnesota,4/1/2019 0:00,3085711,94899
Mississippi,4/1/2019 0:00,1267432,60185
Missouri,4/1/2019 0:00,3060323,82667
Montana,4/1/2019 0:00,528624,17703
Nebraska,4/1/2019 0:00,1031872,30397
Nevada,4/1/2019 0:00,1531684,59974
New Hampshire,4/1/2019 0:00,765976,19243
New Jersey,4/1/2019 0:00,4422942,124804
New Mexico,4/1/2019 0:00,944960,41959
New York,4/1/2019 0:00,9449425,342246
North Carolina,4/1/2019 0:00,5050492,178912
North Dakota,4/1/2019 0:00,401447,9963
Ohio,4/1/2019 0:00,5752958,202345
Oklahoma,4/1/2019 0:00,1828940,50819
Oregon,4/1/2019 0:00,2092686,80230
Pennsylvania,4/1/2019 0:00,6400636,226869
Rhode Island,4/1/2019 0:00,548414,17630
South Carolina,4/1/2019 0:00,2363633,60382
South Dakota,4/1/2019 0:00,460099,15271
Tennessee,4/1/2019 0:00,3323559,96887
Texas,4/1/2019 0:00,13922611,417640
Utah,4/1/2019 0:00,1590603,42102
Vermont,4/1/2019 0:00,340621,8649
Virginia,4/1/2019 0:00,4380461,106476
Washington,4/1/2019 0:00,3875503,160332
West Virginia,4/1/2019 0:00,789799,35643
Wisconsin,4/1/2019 0:00,3082421,97631
Wyoming,4/1/2019 0:00,288723,9980
Alabama,5/1/2019 0:00,2232314,55339
Alaska,5/1/2019 0:00,348619,21029
Arizona,5/1/2019 0:00,3514657,161415
Arkansas,5/1/2019 0:00,1363674,45702
California,5/1/2019 0:00,19261786,694948
Colorado,5/1/2019 0:00,3119482,80659
Connecticut,5/1/2019 0:00,1905616,67905
Delaware,5/1/2019 0:00,484877,16258
D.C.,5/1/2019 0:00,408260,21301
Florida,5/1/2019 0:00,10297648,310611
Georgia,5/1/2019 0:00,5085861,168072
Hawaii,5/1/2019 0:00,660719,17075
Idaho,5/1/2019 0:00,879900,22733
Illinois,5/1/2019 0:00,6416363,222493
Indiana,5/1/2019 0:00,3382235,99835
Iowa,5/1/2019 0:00,1726212,41050
Kansas,5/1/2019 0:00,1475384,44053
Kentucky,5/1/2019 0:00,2074273,86279
Louisiana,5/1/2019 0:00,2085409,89769
Maine,5/1/2019 0:00,688088,20644
Maryland,5/1/2019 0:00,3244597,111054
Massachusetts,5/1/2019 0:00,3790731,109174
Michigan,5/1/2019 0:00,4923525,184604
Minnesota,5/1/2019 0:00,3094150,83114
Mississippi,5/1/2019 0:00,1277185,67760
Missouri,5/1/2019 0:00,3072393,91760
Montana,5/1/2019 0:00,532019,15197
Nebraska,5/1/2019 0:00,1037150,30785
Nevada,5/1/2019 0:00,1538540,59063
New Hampshire,5/1/2019 0:00,768801,18515
New Jersey,5/1/2019 0:00,4443339,133039
New Mexico,5/1/2019 0:00,944675,42160
New York,5/1/2019 0:00,9457173,345064
North Carolina,5/1/2019 0:00,5081718,196440
North Dakota,5/1/2019 0:00,404896,8303
Ohio,5/1/2019 0:00,5781125,213510
Oklahoma,5/1/2019 0:00,1836265,58531
Oregon,5/1/2019 0:00,2092575,71990
Pennsylvania,5/1/2019 0:00,6447401,258627
Rhode Island,5/1/2019 0:00,550312,18150
South Carolina,5/1/2019 0:00,2377726,64906
South Dakota,5/1/2019 0:00,462992,14197
Tennessee,5/1/2019 0:00,3336509,104130
Texas,5/1/2019 0:00,13926760,435592
Utah,5/1/2019 0:00,1599711,41197
Vermont,5/1/2019 0:00,341657,7493
Virginia,5/1/2019 0:00,4401947,118238
Washington,5/1/2019 0:00,3888371,158985
West Virginia,5/1/2019 0:00,794398,35373
Wisconsin,5/1/2019 0:00,3085969,94828
Wyoming,5/1/2019 0:00,290120,9616
Alabama,6/1/2019 0:00,2246030,73570
Alaska,6/1/2019 0:00,355191,22261
Arizona,6/1/2019 0:00,3542293,178750
Arkansas,6/1/2019 0:00,1376830,52458
California,6/1/2019 0:00,19325538,794837
Colorado,6/1/2019 0:00,3162311,92508
Connecticut,6/1/2019 0:00,1925633,74192
Delaware,6/1/2019 0:00,490751,19899
D.C.,6/1/2019 0:00,412636,24062
Florida,6/1/2019 0:00,10318834,344231
Georgia,6/1/2019 0:00,5101635,193000
Hawaii,6/1/2019 0:00,665587,22078
Idaho,6/1/2019 0:00,891130,23779
Illinois,6/1/2019 0:00,6517399,267575
Indiana,6/1/2019 0:00,3413468,114185
Iowa,6/1/2019 0:00,1750382,48303
Kansas,6/1/2019 0:00,1498185,48792
Kentucky,6/1/2019 0:00,2099909,101143
Louisiana,6/1/2019 0:00,2116798,117592
Maine,6/1/2019 0:00,701100,19348
Maryland,6/1/2019 0:00,3285538,126624
Massachusetts,6/1/2019 0:00,3851461,120601
Michigan,6/1/2019 0:00,4971319,212011
Minnesota,6/1/2019 0:00,3126861,101099
Mississippi,6/1/2019 0:00,1292689,83202
Missouri,6/1/2019 0:00,3108213,104362
Montana,6/1/2019 0:00,539659,18106
Nebraska,6/1/2019 0:00,1047089,34683
Nevada,6/1/2019 0:00,1543666,63748
New Hampshire,6/1/2019 0:00,781077,19442
New Jersey,6/1/2019 0:00,4508811,147120
New Mexico,6/1/2019 0:00,958214,52893
New York,6/1/2019 0:00,9538972,363430
North Carolina,6/1/2019 0:00,5097518,213152
North Dakota,6/1/2019 0:00,412677,10907
Ohio,6/1/2019 0:00,5844525,253781
Oklahoma,6/1/2019 0:00,1854443,65316
Oregon,6/1/2019 0:00,2113944,83768
Pennsylvania,6/1/2019 0:00,6514786,287947
Rhode Island,6/1/2019 0:00,557755,18645
South Carolina,6/1/2019 0:00,2400898,75412
South Dakota,6/1/2019 0:00,470901,15018
Tennessee,6/1/2019 0:00,3372213,131488
Texas,6/1/2019 0:00,14009283,520024
Utah,6/1/2019 0:00,1612516,48104
Vermont,6/1/2019 0:00,346954,8577
Virginia,6/1/2019 0:00,4434710,129920
Washington,6/1/2019 0:00,3919625,164802
West Virginia,6/1/2019 0:00,806744,39694
Wisconsin,6/1/2019 0:00,3150680,117562
Wyoming,6/1/2019 0:00,297410,10840
Alabama,7/1/2019 0:00,2245474,69916
Alaska,7/1/2019 0:00,359113,20150
Arizona,7/1/2019 0:00,3550152,180844
Arkansas,7/1/2019 0:00,1379283,56737
California,7/1/2019 0:00,19465613,857771
Colorado,7/1/2019 0:00,3171847,85711
Connecticut,7/1/2019 0:00,1945070,75777
Delaware,7/1/2019 0:00,492940,20243
D.C.,7/1/2019 0:00,416468,24138
Florida,7/1/2019 0:00,10372151,350600
Georgia,7/1/2019 0:00,5126399,196151
Hawaii,7/1/2019 0:00,667217,18429
Idaho,7/1/2019 0:00,895029,24218
Illinois,7/1/2019 0:00,6534712,276947
Indiana,7/1/2019 0:00,3412239,119491
Iowa,7/1/2019 0:00,1763368,48724
Kansas,7/1/2019 0:00,1508779,56697
Kentucky,7/1/2019 0:00,2090399,101089
Louisiana,7/1/2019 0:00,2116103,115749
Maine,7/1/2019 0:00,708797,18891
Maryland,7/1/2019 0:00,3316105,128327
Massachusetts,7/1/2019 0:00,3865262,121141
Michigan,7/1/2019 0:00,4995452,252608
Minnesota,7/1/2019 0:00,3142453,99631
Mississippi,7/1/2019 0:00,1294421,81327
Missouri,7/1/2019 0:00,3117422,117030
Montana,7/1/2019 0:00,543860,16834
Nebraska,7/1/2019 0:00,1051883,35001
Nevada,7/1/2019 0:00,1550643,63204
New Hampshire,7/1/2019 0:00,787198,19857
New Jersey,7/1/2019 0:00,4555166,176079
New Mexico,7/1/2019 0:00,960503,52663
New York,7/1/2019 0:00,9596950,400342
North Carolina,7/1/2019 0:00,5125881,219539
North Dakota,7/1/2019 0:00,411927,9189
Ohio,7/1/2019 0:00,5884316,266365
Oklahoma,7/1/2019 0:00,1850754,62846
Oregon,7/1/2019 0:00,2126411,85756
Pennsylvania,7/1/2019 0:00,6581549,321521
Rhode Island,7/1/2019 0:00,562181,21801
South Carolina,7/1/2019 0:00,2402172,72245
South Dakota,7/1/2019 0:00,471856,14359
Tennessee,7/1/2019 0:00,3377806,132139
Texas,7/1/2019 0:00,14064960,540487
Utah,7/1/2019 0:00,1616418,43635
Vermont,7/1/2019 0:00,346705,8209
Virginia,7/1/2019 0:00,4465718,131979
Washington,7/1/2019 0:00,3944959,164164
West Virginia,7/1/2019 0:00,805335,38061
Wisconsin,7/1/2019 0:00,3150096,113279
Wyoming,7/1/2019 0:00,298084,10633
Alabama,8/1/2019 0:00,2235642,66431
Alaska,8/1/2019 0:00,353859,18805
Arizona,8/1/2019 0:00,3556056,178406
Arkansas,8/1/2019 0:00,1364195,49499
California,8/1/2019 0:00,19428941,808406
Colorado,8/1/2019 0:00,3170260,83635
Connecticut,8/1/2019 0:00,1925819,73111
Delaware,8/1/2019 0:00,490824,20234
D.C.,8/1/2019 0:00,407817,22418
Florida,8/1/2019 0:00,10353589,341558
Georgia,8/1/2019 0:00,5097809,186680
Hawaii,8/1/2019 0:00,663706,17821
Idaho,8/1/2019 0:00,888664,22457
Illinois,8/1/2019 0:00,6459291,257769
Indiana,8/1/2019 0:00,3385489,113806
Iowa,8/1/2019 0:00,1748009,48287
Kansas,8/1/2019 0:00,1485168,50095
Kentucky,8/1/2019 0:00,2069554,86918
Louisiana,8/1/2019 0:00,2097206,112426
Maine,8/1/2019 0:00,708364,16281
Maryland,8/1/2019 0:00,3280077,122557
Massachusetts,8/1/2019 0:00,3855804,108391
Michigan,8/1/2019 0:00,4965356,209484
Minnesota,8/1/2019 0:00,3122724,94260
Mississippi,8/1/2019 0:00,1272644,71648
Missouri,8/1/2019 0:00,3077694,108761
Montana,8/1/2019 0:00,542082,16824
Nebraska,8/1/2019 0:00,1039417,31306
Nevada,8/1/2019 0:00,1548152,59708
New Hampshire,8/1/2019 0:00,783726,19639
New Jersey,8/1/2019 0:00,4530548,166692
New Mexico,8/1/2019 0:00,955627,47067
New York,8/1/2019 0:00,9539835,393551
North Carolina,8/1/2019 0:00,5074829,210207
North Dakota,8/1/2019 0:00,410255,9123
Ohio,8/1/2019 0:00,5848312,246429
Oklahoma,8/1/2019 0:00,1836797,60607
Oregon,8/1/2019 0:00,2123490,82140
Pennsylvania,8/1/2019 0:00,6542283,314579
Rhode Island,8/1/2019 0:00,560466,20937
South Carolina,8/1/2019 0:00,2385686,67954
South Dakota,8/1/2019 0:00,468482,15340
Tennessee,8/1/2019 0:00,3339297,113486
Texas,8/1/2019 0:00,14030092,523448
Utah,8/1/2019 0:00,1615398,42719
Vermont,8/1/2019 0:00,344368,7910
Virginia,8/1/2019 0:00,4422123,130261
Washington,8/1/2019 0:00,3930563,160846
West Virginia,8/1/2019 0:00,801184,38253
Wisconsin,8/1/2019 0:00,3120077,106141
Wyoming,8/1/2019 0:00,296141,9825
Alabama,9/1/2019 0:00,2237761,57536
Alaska,9/1/2019 0:00,348825,19306
Arizona,9/1/2019 0:00,3591467,165431
Arkansas,9/1/2019 0:00,1364706,45467
California,9/1/2019 0:00,19505846,704291
Colorado,9/1/2019 0:00,3178923,75467
Connecticut,9/1/2019 0:00,1913111,66569
Delaware,9/1/2019 0:00,484356,18909
D.C.,9/1/2019 0:00,407988,21886
Florida,9/1/2019 0:00,10438897,304238
Georgia,9/1/2019 0:00,5119873,156100
Hawaii,9/1/2019 0:00,662543,18842
Idaho,9/1/2019 0:00,886206,20685
Illinois,9/1/2019 0:00,6426636,222928
Indiana,9/1/2019 0:00,3374034,95125
Iowa,9/1/2019 0:00,1748279,41466
Kansas,9/1/2019 0:00,1484776,40121
Kentucky,9/1/2019 0:00,2073191,79648
Louisiana,9/1/2019 0:00,2096725,104342
Maine,9/1/2019 0:00,692599,16025
Maryland,9/1/2019 0:00,3264649,106899
Massachusetts,9/1/2019 0:00,3798668,101529
Michigan,9/1/2019 0:00,4930761,173033
Minnesota,9/1/2019 0:00,3110208,80560
Mississippi,9/1/2019 0:00,1276039,68196
Missouri,9/1/2019 0:00,3083575,82035
Montana,9/1/2019 0:00,534592,15869
Nebraska,9/1/2019 0:00,1029469,28495
Nevada,9/1/2019 0:00,1552411,57740
New Hampshire,9/1/2019 0:00,772689,17831
New Jersey,9/1/2019 0:00,4496207,152067
New Mexico,9/1/2019 0:00,955891,44186
New York,9/1/2019 0:00,9504828,342694
North Carolina,9/1/2019 0:00,5094495,174618
North Dakota,9/1/2019 0:00,403896,7434
Ohio,9/1/2019 0:00,5805781,225181
Oklahoma,9/1/2019 0:00,1844419,57872
Oregon,9/1/2019 0:00,2109356,64940
Pennsylvania,9/1/2019 0:00,6506111,271125
Rhode Island,9/1/2019 0:00,556320,17493
South Carolina,9/1/2019 0:00,2366932,47844
South Dakota,9/1/2019 0:00,463200,14012
Tennessee,9/1/2019 0:00,3351337,105792
Texas,9/1/2019 0:00,14111297,482829
Utah,9/1/2019 0:00,1615873,34864
Vermont,9/1/2019 0:00,338959,7834
Virginia,9/1/2019 0:00,4420479,114346
Washington,9/1/2019 0:00,3937562,144349
West Virginia,9/1/2019 0:00,803603,34801
Wisconsin,9/1/2019 0:00,3096038,88493
Wyoming,9/1/2019 0:00,293770,9663
Alabama,10/1/2019 0:00,2252789,57113
Alaska,10/1/2019 0:00,344605,19701
Arizona,10/1/2019 0:00,3601094,161137
Arkansas,10/1/2019 0:00,1367199,42231
California,10/1/2019 0:00,19538254,725895
Colorado,10/1/2019 0:00,3183835,75314
Connecticut,10/1/2019 0:00,1925483,66634
Delaware,10/1/2019 0:00,487774,18749
D.C.,10/1/2019 0:00,409726,21517
Florida,10/1/2019 0:00,10458221,295902
Georgia,10/1/2019 0:00,5140986,159171
Hawaii,10/1/2019 0:00,663747,17540
Idaho,10/1/2019 0:00,888851,20787
Illinois,10/1/2019 0:00,6443336,224741
Indiana,10/1/2019 0:00,3392188,102208
Iowa,10/1/2019 0:00,1759289,40745
Kansas,10/1/2019 0:00,1493923,42395
Kentucky,10/1/2019 0:00,2075032,79834
Louisiana,10/1/2019 0:00,2108448,105844
Maine,10/1/2019 0:00,695929,16749
Maryland,10/1/2019 0:00,3278073,108418
Massachusetts,10/1/2019 0:00,3819962,90037
Michigan,10/1/2019 0:00,4943286,173524
Minnesota,10/1/2019 0:00,3125946,81756
Mississippi,10/1/2019 0:00,1276407,65083
Missouri,10/1/2019 0:00,3103578,86305
Montana,10/1/2019 0:00,535076,16905
Nebraska,10/1/2019 0:00,1038851,29226
Nevada,10/1/2019 0:00,1555164,55450
New Hampshire,10/1/2019 0:00,773369,16995
New Jersey,10/1/2019 0:00,4533349,154959
New Mexico,10/1/2019 0:00,963427,44673
New York,10/1/2019 0:00,9543205,354358
North Carolina,10/1/2019 0:00,5123098,180081
North Dakota,10/1/2019 0:00,403653,6535
Ohio,10/1/2019 0:00,5828726,220052
Oklahoma,10/1/2019 0:00,1854653,62648
Oregon,10/1/2019 0:00,2109185,63668
Pennsylvania,10/1/2019 0:00,6545629,289032
Rhode Island,10/1/2019 0:00,557600,16402
South Carolina,10/1/2019 0:00,2384080,56883
South Dakota,10/1/2019 0:00,466961,14240
Tennessee,10/1/2019 0:00,3369212,108485
Texas,10/1/2019 0:00,14161315,474329
Utah,10/1/2019 0:00,1623876,34061
Vermont,10/1/2019 0:00,339366,5798
Virginia,10/1/2019 0:00,4440231,111836
Washington,10/1/2019 0:00,3950939,143866
West Virginia,10/1/2019 0:00,807512,36871
Wisconsin,10/1/2019 0:00,3104233,86937
Wyoming,10/1/2019 0:00,293310,9855
Alabama,11/1/2019 0:00,2249775,54861
Alaska,11/1/2019 0:00,343483,20910
Arizona,11/1/2019 0:00,3615186,154572
Arkansas,11/1/2019 0:00,1361974,41816
California,11/1/2019 0:00,19534610,718032
Colorado,11/1/2019 0:00,3178357,74970
Connecticut,11/1/2019 0:00,1927932,62775
Delaware,11/1/2019 0:00,488408,17290
D.C.,11/1/2019 0:00,412346,20781
Florida,11/1/2019 0:00,10411499,283039
Georgia,11/1/2019 0:00,5135208,141518
Hawaii,11/1/2019 0:00,667857,17344
Idaho,11/1/2019 0:00,887607,24433
Illinois,11/1/2019 0:00,6416333,215173
Indiana,11/1/2019 0:00,3385064,104202
Iowa,11/1/2019 0:00,1752989,42650
Kansas,11/1/2019 0:00,1497273,43110
Kentucky,11/1/2019 0:00,2078031,78739
Louisiana,11/1/2019 0:00,2109627,104716
Maine,11/1/2019 0:00,689655,19516
Maryland,11/1/2019 0:00,3270600,104359
Massachusetts,11/1/2019 0:00,3825517,87801
Michigan,11/1/2019 0:00,4931109,159361
Minnesota,11/1/2019 0:00,3123662,88135
Mississippi,11/1/2019 0:00,1279839,65909
Missouri,11/1/2019 0:00,3099987,96022
Montana,11/1/2019 0:00,534315,18209
Nebraska,11/1/2019 0:00,1037741,27173
Nevada,11/1/2019 0:00,1554598,52974
New Hampshire,11/1/2019 0:00,773447,17891
New Jersey,11/1/2019 0:00,4534778,157091
New Mexico,11/1/2019 0:00,967203,44691
New York,11/1/2019 0:00,9487235,341376
North Carolina,11/1/2019 0:00,5100768,177831
North Dakota,11/1/2019 0:00,399846,7968
Ohio,11/1/2019 0:00,5808659,214762
Oklahoma,11/1/2019 0:00,1852252,59724
Oregon,11/1/2019 0:00,2103774,61282
Pennsylvania,11/1/2019 0:00,6536425,284629
Rhode Island,11/1/2019 0:00,560489,18234
South Carolina,11/1/2019 0:00,2372583,53912
South Dakota,11/1/2019 0:00,466655,15316
Tennessee,11/1/2019 0:00,3366225,104839
Texas,11/1/2019 0:00,14209425,480312
Utah,11/1/2019 0:00,1629725,33756
Vermont,11/1/2019 0:00,339375,7647
Virginia,11/1/2019 0:00,4431196,108653
Washington,11/1/2019 0:00,3947984,152256
West Virginia,11/1/2019 0:00,801681,38187
Wisconsin,11/1/2019 0:00,3099895,93112
Wyoming,11/1/2019 0:00,292723,10771
Alabama,12/1/2019 0:00,2247379,56967
Alaska,12/1/2019 0:00,341670,20866
Arizona,12/1/2019 0:00,3611711,152154
Arkansas,12/1/2019 0:00,1355941,45725
California,12/1/2019 0:00,19470116,711206
Colorado,12/1/2019 0:00,3176471,74703
Connecticut,12/1/2019 0:00,1920196,61837
Delaware,12/1/2019 0:00,488289,17300
D.C.,12/1/2019 0:00,411233,20426
Florida,12/1/2019 0:00,10397884,264725
Georgia,12/1/2019 0:00,5148163,148846
Hawaii,12/1/2019 0:00,667325,14982
Idaho,12/1/2019 0:00,888452,25372
Illinois,12/1/2019 0:00,6377232,220397
Indiana,12/1/2019 0:00,3359406,99811
Iowa,12/1/2019 0:00,1745731,51293
Kansas,12/1/2019 0:00,1492699,42840
Kentucky,12/1/2019 0:00,2073838,81086
Louisiana,12/1/2019 0:00,2091000,102981
Maine,12/1/2019 0:00,688899,19920
Maryland,12/1/2019 0:00,3261324,98116
Massachusetts,12/1/2019 0:00,3822997,90442
Michigan,12/1/2019 0:00,4922109,174864
Minnesota,12/1/2019 0:00,3123709,108186
Mississippi,12/1/2019 0:00,1279977,66922
Missouri,12/1/2019 0:00,3096892,105397
Montana,12/1/2019 0:00,531156,19339
Nebraska,12/1/2019 0:00,1033276,27581
Nevada,12/1/2019 0:00,1550143,52275
New Hampshire,12/1/2019 0:00,773044,17574
New Jersey,12/1/2019 0:00,4547131,164246
New Mexico,12/1/2019 0:00,966863,43421
New York,12/1/2019 0:00,9468280,351928
North Carolina,12/1/2019 0:00,5070827,168255
North Dakota,12/1/2019 0:00,398298,8852
Ohio,12/1/2019 0:00,5776856,218927
Oklahoma,12/1/2019 0:00,1837940,58211
Oregon,12/1/2019 0:00,2089779,61165
Pennsylvania,12/1/2019 0:00,6524296,295120
Rhode Island,12/1/2019 0:00,558770,17797
South Carolina,12/1/2019 0:00,2372013,56479
South Dakota,12/1/2019 0:00,463453,16303
Tennessee,12/1/2019 0:00,3361721,104576
Texas,12/1/2019 0:00,14192255,470136
Utah,12/1/2019 0:00,1629253,35240
Vermont,12/1/2019 0:00,338615,7241
Virginia,12/1/2019 0:00,4425963,107305
Washington,12/1/2019 0:00,3944481,157598
West Virginia,12/1/2019 0:00,797720,39566
Wisconsin,12/1/2019 0:00,3089959,99409
Wyoming,12/1/2019 0:00,290539,10701
Alabama,1/1/2020 0:00,2226903,72293
Alaska,1/1/2020 0:00,339445,22304
Arizona,1/1/2020 0:00,3616271,167687
Arkansas,1/1/2020 0:00,1350711,55513
California,1/1/2020 0:00,19477354,839986
Colorado,1/1/2020 0:00,3169480,90179
Connecticut,1/1/2020 0:00,1920807,85151
Delaware,1/1/2020 0:00,486541,20642
D.C.,1/1/2020 0:00,414238,21081
Florida,1/1/2020 0:00,10423822,310226
Georgia,1/1/2020 0:00,5157403,178054
Hawaii,1/1/2020 0:00,673454,19444
Idaho,1/1/2020 0:00,886931,31053
Illinois,1/1/2020 0:00,6312658,253312
Indiana,1/1/2020 0:00,3375889,121512
Iowa,1/1/2020 0:00,1738135,64221
Kansas,1/1/2020 0:00,1489402,50693
Kentucky,1/1/2020 0:00,2070206,98685
Louisiana,1/1/2020 0:00,2097045,119633
Maine,1/1/2020 0:00,685269,28088
Maryland,1/1/2020 0:00,3269371,116126
Massachusetts,1/1/2020 0:00,3808808,128339
Michigan,1/1/2020 0:00,4924408,210771
Minnesota,1/1/2020 0:00,3096839,113334
Mississippi,1/1/2020 0:00,1257892,67485
Missouri,1/1/2020 0:00,3095286,132261
Montana,1/1/2020 0:00,534089,23626
Nebraska,1/1/2020 0:00,1036702,33123
Nevada,1/1/2020 0:00,1560901,59880
New Hampshire,1/1/2020 0:00,780999,23910
New Jersey,1/1/2020 0:00,4558934,200336
New Mexico,1/1/2020 0:00,958293,47900
New York,1/1/2020 0:00,9527725,391140
North Carolina,1/1/2020 0:00,5085420,206728
North Dakota,1/1/2020 0:00,399574,11300
Ohio,1/1/2020 0:00,5782142,291909
Oklahoma,1/1/2020 0:00,1829554,59744
Oregon,1/1/2020 0:00,2088894,79351
Pennsylvania,1/1/2020 0:00,6518311,333818
Rhode Island,1/1/2020 0:00,555877,22556
South Carolina,1/1/2020 0:00,2382951,70380
South Dakota,1/1/2020 0:00,461820,17564
Tennessee,1/1/2020 0:00,3331920,127459
Texas,1/1/2020 0:00,14188058,532434
Utah,1/1/2020 0:00,1628058,45458
Vermont,1/1/2020 0:00,338827,10188
Virginia,1/1/2020 0:00,4441323,134298
Washington,1/1/2020 0:00,3964090,175160
West Virginia,1/1/2020 0:00,799751,43592
Wisconsin,1/1/2020 0:00,3085640,131022
Wyoming,1/1/2020 0:00,292822,12564
Alabama,2/1/2020 0:00,2230984,64556
Alaska,2/1/2020 0:00,338971,19908
Arizona,2/1/2020 0:00,3633403,158568
Arkansas,2/1/2020 0:00,1361087,53699
California,2/1/2020 0:00,19528254,841220
Colorado,2/1/2020 0:00,3190546,93939
Connecticut,2/1/2020 0:00,1917736,84669
Delaware,2/1/2020 0:00,487483,19736
D.C.,2/1/2020 0:00,419262,21696
Florida,2/1/2020 0:00,10482635,297363
Georgia,2/1/2020 0:00,5186538,181160
Hawaii,2/1/2020 0:00,669115,17633
Idaho,2/1/2020 0:00,891257,27474
Illinois,2/1/2020 0:00,6337213,223656
Indiana,2/1/2020 0:00,3392051,113949
Iowa,2/1/2020 0:00,1735103,54537
Kansas,2/1/2020 0:00,1499371,49904
Kentucky,2/1/2020 0:00,2071092,89427
Louisiana,2/1/2020 0:00,2095859,89797
Maine,2/1/2020 0:00,687837,29469
Maryland,2/1/2020 0:00,3273955,116616
Massachusetts,2/1/2020 0:00,3815351,125389
Michigan,2/1/2020 0:00,4952221,179832
Minnesota,2/1/2020 0:00,3103816,110976
Mississippi,2/1/2020 0:00,1263214,64562
Missouri,2/1/2020 0:00,3091580,115340
Montana,2/1/2020 0:00,535155,22415
Nebraska,2/1/2020 0:00,1041822,31200
Nevada,2/1/2020 0:00,1572923,59337
New Hampshire,2/1/2020 0:00,780196,23952
New Jersey,2/1/2020 0:00,4582760,191465
New Mexico,2/1/2020 0:00,961613,48454
New York,2/1/2020 0:00,9567146,376605
North Carolina,2/1/2020 0:00,5122976,189127
North Dakota,2/1/2020 0:00,400774,11138
Ohio,2/1/2020 0:00,5836382,276356
Oklahoma,2/1/2020 0:00,1835219,55011
Oregon,2/1/2020 0:00,2100292,78919
Pennsylvania,2/1/2020 0:00,6557602,333040
Rhode Island,2/1/2020 0:00,558011,22130
South Carolina,2/1/2020 0:00,2396992,73086
South Dakota,2/1/2020 0:00,463941,16724
Tennessee,2/1/2020 0:00,3353266,128239
Texas,2/1/2020 0:00,14286245,508251
Utah,2/1/2020 0:00,1636217,46510
Vermont,2/1/2020 0:00,338155,8910
Virginia,2/1/2020 0:00,4473225,123089
Washington,2/1/2020 0:00,3980521,167827
West Virginia,2/1/2020 0:00,807072,43954
Wisconsin,2/1/2020 0:00,3096887,124277
Wyoming,2/1/2020 0:00,293736,12569
Alabama,3/1/2020 0:00,2227113,67046
Alaska,3/1/2020 0:00,340653,19953
Arizona,3/1/2020 0:00,3588453,220450
Arkansas,3/1/2020 0:00,1378026,66943
California,3/1/2020 0:00,19192116,1106405
Colorado,3/1/2020 0:00,3120125,167668
Connecticut,3/1/2020 0:00,1920978,69052
Delaware,3/1/2020 0:00,477155,24084
D.C.,3/1/2020 0:00,421750,24835
Florida,3/1/2020 0:00,10320947,446380
Georgia,3/1/2020 0:00,5167293,233410
Hawaii,3/1/2020 0:00,667544,15049
Idaho,3/1/2020 0:00,889902,27030
Illinois,3/1/2020 0:00,6267000,262659
Indiana,3/1/2020 0:00,3273454,104961
Iowa,3/1/2020 0:00,1716518,61910
Kansas,3/1/2020 0:00,1501963,43497
Kentucky,3/1/2020 0:00,2066706,110123
Louisiana,3/1/2020 0:00,2129078,135115
Maine,3/1/2020 0:00,688274,25057
Maryland,3/1/2020 0:00,3276247,114717
Massachusetts,3/1/2020 0:00,3763557,111438
Michigan,3/1/2020 0:00,4899683,197754
Minnesota,3/1/2020 0:00,3086604,107672
Mississippi,3/1/2020 0:00,1268451,60590
Missouri,3/1/2020 0:00,3138290,123340
Montana,3/1/2020 0:00,535146,22642
Nebraska,3/1/2020 0:00,1059311,44580
Nevada,3/1/2020 0:00,1561501,107252
New Hampshire,3/1/2020 0:00,764208,21078
New Jersey,3/1/2020 0:00,4565536,168965
New Mexico,3/1/2020 0:00,962996,60045
New York,3/1/2020 0:00,9431634,400782
North Carolina,3/1/2020 0:00,4979418,212807
North Dakota,3/1/2020 0:00,402720,10807
Ohio,3/1/2020 0:00,5729866,311030
Oklahoma,3/1/2020 0:00,1827638,53922
Oregon,3/1/2020 0:00,2104141,81967
Pennsylvania,3/1/2020 0:00,6500739,381669
Rhode Island,3/1/2020 0:00,560847,27927
South Carolina,3/1/2020 0:00,2403025,72853
South Dakota,3/1/2020 0:00,465585,15725
Tennessee,3/1/2020 0:00,3381975,109312
Texas,3/1/2020 0:00,14031076,718736
Utah,3/1/2020 0:00,1622006,65980
Vermont,3/1/2020 0:00,339886,11615
Virginia,3/1/2020 0:00,4445359,147817
Washington,3/1/2020 0:00,3895060,209204
West Virginia,3/1/2020 0:00,812584,50094
Wisconsin,3/1/2020 0:00,3073342,103192
Wyoming,3/1/2020 0:00,293605,12754
Alabama,4/1/2020 0:00,2195170,290998
Alaska,4/1/2020 0:00,334747,45980
Arizona,4/1/2020 0:00,3541277,458154
Arkansas,4/1/2020 0:00,1310898,134572
California,4/1/2020 0:00,18519433,2989198
Colorado,4/1/2020 0:00,3046679,364834
Connecticut,4/1/2020 0:00,1761770,140663
Delaware,4/1/2020 0:00,463346,68510
D.C.,4/1/2020 0:00,403204,44838
Florida,4/1/2020 0:00,9406704,1253979
Georgia,4/1/2020 0:00,4872842,596017
Hawaii,4/1/2020 0:00,633025,148980
Idaho,4/1/2020 0:00,881126,104199
Illinois,4/1/2020 0:00,6115743,1032810
Indiana,4/1/2020 0:00,3230276,553940
Iowa,4/1/2020 0:00,1708648,183215
Kansas,4/1/2020 0:00,1495940,174016
Kentucky,4/1/2020 0:00,2056469,331023
Louisiana,4/1/2020 0:00,1928325,280233
Maine,4/1/2020 0:00,655667,73818
Maryland,4/1/2020 0:00,3036946,306034
Massachusetts,4/1/2020 0:00,3386216,538660
Michigan,4/1/2020 0:00,4576253,1089279
Minnesota,4/1/2020 0:00,3052783,262518
Mississippi,4/1/2020 0:00,1191786,186051
Missouri,4/1/2020 0:00,3032362,296394
Montana,4/1/2020 0:00,518439,61461
Nebraska,4/1/2020 0:00,1058500,91220
Nevada,4/1/2020 0:00,1424696,424605
New Hampshire,4/1/2020 0:00,713552,122573
New Jersey,4/1/2020 0:00,4455935,707163
New Mexico,4/1/2020 0:00,912946,103972
New York,4/1/2020 0:00,9042703,1357286
North Carolina,4/1/2020 0:00,4675542,585304
North Dakota,4/1/2020 0:00,405229,37311
Ohio,4/1/2020 0:00,5676170,989327
Oklahoma,4/1/2020 0:00,1765229,251894
Oregon,4/1/2020 0:00,2101681,311793
Pennsylvania,4/1/2020 0:00,6406424,995168
Rhode Island,4/1/2020 0:00,523111,93319
South Carolina,4/1/2020 0:00,2369620,289686
South Dakota,4/1/2020 0:00,468288,51298
Tennessee,4/1/2020 0:00,3217232,482905
Texas,4/1/2020 0:00,12931307,1687248
Utah,4/1/2020 0:00,1596305,164164
Vermont,4/1/2020 0:00,347914,58492
Virginia,4/1/2020 0:00,4306921,465888
Washington,4/1/2020 0:00,3932156,622779
West Virginia,4/1/2020 0:00,775157,122798
Wisconsin,4/1/2020 0:00,3072892,449312
Wyoming,4/1/2020 0:00,294311,28208
Alabama,5/1/2020 0:00,2235610,204935
Alaska,5/1/2020 0:00,334106,41953
Arizona,5/1/2020 0:00,3541208,310463
Arkansas,5/1/2020 0:00,1349503,127087
California,5/1/2020 0:00,18423388,2949447
Colorado,5/1/2020 0:00,3055723,306981
Connecticut,5/1/2020 0:00,1777738,167737
Delaware,5/1/2020 0:00,471396,73086
D.C.,5/1/2020 0:00,386742,32680
Florida,5/1/2020 0:00,9651892,1304072
Georgia,5/1/2020 0:00,4893313,449696
Hawaii,5/1/2020 0:00,624626,146131
Idaho,5/1/2020 0:00,883170,76117
Illinois,5/1/2020 0:00,6283576,931965
Indiana,5/1/2020 0:00,3350607,398272
Iowa,5/1/2020 0:00,1688213,167567
Kansas,5/1/2020 0:00,1498549,148024
Kentucky,5/1/2020 0:00,2037060,217891
Louisiana,5/1/2020 0:00,2026083,282453
Maine,5/1/2020 0:00,662567,62510
Maryland,5/1/2020 0:00,3106005,302371
Massachusetts,5/1/2020 0:00,3525512,582796
Michigan,5/1/2020 0:00,4765123,991814
Minnesota,5/1/2020 0:00,3062634,287254
Mississippi,5/1/2020 0:00,1212017,125942
Missouri,5/1/2020 0:00,3015099,295828
Montana,5/1/2020 0:00,523912,44587
Nebraska,5/1/2020 0:00,1034364,53515
Nevada,5/1/2020 0:00,1382240,347106
New Hampshire,5/1/2020 0:00,730536,111950
New Jersey,5/1/2020 0:00,4515845,681014
New Mexico,5/1/2020 0:00,898698,78436
New York,5/1/2020 0:00,9064228,1285375
North Carolina,5/1/2020 0:00,4838194,613012
North Dakota,5/1/2020 0:00,403856,34993
Ohio,5/1/2020 0:00,5759306,777518
Oklahoma,5/1/2020 0:00,1820747,229735
Oregon,5/1/2020 0:00,2114497,294470
Pennsylvania,5/1/2020 0:00,6494406,859499
Rhode Island,5/1/2020 0:00,518867,83808
South Carolina,5/1/2020 0:00,2420966,290963
South Dakota,5/1/2020 0:00,464374,42669
Tennessee,5/1/2020 0:00,3294573,351948
Texas,5/1/2020 0:00,13464075,1711194
Utah,5/1/2020 0:00,1607911,136316
Vermont,5/1/2020 0:00,342245,43468
Virginia,5/1/2020 0:00,4319016,383912
Washington,5/1/2020 0:00,3937461,582895
West Virginia,5/1/2020 0:00,781397,97854
Wisconsin,5/1/2020 0:00,3088644,366905
Wyoming,5/1/2020 0:00,292873,25426
Alabama,6/1/2020 0:00,2204545,176036
Alaska,6/1/2020 0:00,350583,43062
Arizona,6/1/2020 0:00,3499212,359509
Arkansas,6/1/2020 0:00,1329793,109561
California,6/1/2020 0:00,18912012,2846644
Colorado,6/1/2020 0:00,3189798,340422
Connecticut,6/1/2020 0:00,1887870,188487
Delaware,6/1/2020 0:00,491813,62574
D.C.,6/1/2020 0:00,397766,35673
Florida,6/1/2020 0:00,9789069,1045481
Georgia,6/1/2020 0:00,4933551,392073
Hawaii,6/1/2020 0:00,615118,88774
Idaho,6/1/2020 0:00,902551,48142
Illinois,6/1/2020 0:00,6559573,958349
Indiana,6/1/2020 0:00,3433664,383935
Iowa,6/1/2020 0:00,1651843,130982
Kansas,6/1/2020 0:00,1495009,113134
Kentucky,6/1/2020 0:00,1950426,94543
Louisiana,6/1/2020 0:00,2021602,211623
Maine,6/1/2020 0:00,678778,43379
Maryland,6/1/2020 0:00,3229628,267300
Massachusetts,6/1/2020 0:00,3713361,648604
Michigan,6/1/2020 0:00,4993785,743803
Minnesota,6/1/2020 0:00,3135487,267680
Mississippi,6/1/2020 0:00,1211136,117760
Missouri,6/1/2020 0:00,3052057,242135
Montana,6/1/2020 0:00,542444,37988
Nebraska,6/1/2020 0:00,1069792,73350
Nevada,6/1/2020 0:00,1500295,227581
New Hampshire,6/1/2020 0:00,754781,88100
New Jersey,6/1/2020 0:00,4562048,746530
New Mexico,6/1/2020 0:00,927685,83390
New York,6/1/2020 0:00,9441085,1468753
North Carolina,6/1/2020 0:00,4819363,380123
North Dakota,6/1/2020 0:00,408023,25569
Ohio,6/1/2020 0:00,5849201,650272
Oklahoma,6/1/2020 0:00,1779949,121838
Oregon,6/1/2020 0:00,2158252,243315
Pennsylvania,6/1/2020 0:00,6383465,835196
Rhode Island,6/1/2020 0:00,552974,66980
South Carolina,6/1/2020 0:00,2462989,219169
South Dakota,6/1/2020 0:00,475420,33471
Tennessee,6/1/2020 0:00,3201894,324508
Texas,6/1/2020 0:00,13844386,1231582
Utah,6/1/2020 0:00,1673611,92009
Vermont,6/1/2020 0:00,345764,32395
Virginia,6/1/2020 0:00,4356400,371775
Washington,6/1/2020 0:00,3965560,384109
West Virginia,6/1/2020 0:00,775692,80734
Wisconsin,6/1/2020 0:00,3100848,270982
Wyoming,6/1/2020 0:00,301336,22832
Alabama,7/1/2020 0:00,2237258,182761
Alaska,7/1/2020 0:00,351992,38066
Arizona,7/1/2020 0:00,3563198,392648
Arkansas,7/1/2020 0:00,1323626,99847
California,7/1/2020 0:00,18919860,2624606
Colorado,7/1/2020 0:00,3105010,230335
Connecticut,7/1/2020 0:00,1934606,199999
Delaware,7/1/2020 0:00,510795,54496
D.C.,7/1/2020 0:00,399448,35715
Florida,7/1/2020 0:00,10053887,1169778
Georgia,7/1/2020 0:00,5022761,402700
Hawaii,7/1/2020 0:00,641266,86259
Idaho,7/1/2020 0:00,913173,43548
Illinois,7/1/2020 0:00,6326578,728120
Indiana,7/1/2020 0:00,3356434,267984
Iowa,7/1/2020 0:00,1647866,110363
Kansas,7/1/2020 0:00,1515003,116591
Kentucky,7/1/2020 0:00,1854698,92834
Louisiana,7/1/2020 0:00,2038615,203076
Maine,7/1/2020 0:00,715386,67502
Maryland,7/1/2020 0:00,3293672,262162
Massachusetts,7/1/2020 0:00,3725151,605796
Michigan,7/1/2020 0:00,4871057,465161
Minnesota,7/1/2020 0:00,3123590,232599
Mississippi,7/1/2020 0:00,1232114,123987
Missouri,7/1/2020 0:00,3103500,223882
Montana,7/1/2020 0:00,543757,32874
Nebraska,7/1/2020 0:00,1062974,53998
Nevada,7/1/2020 0:00,1494939,213567
New Hampshire,7/1/2020 0:00,747132,58966
New Jersey,7/1/2020 0:00,4650728,668630
New Mexico,7/1/2020 0:00,915348,122000
New York,7/1/2020 0:00,9687509,1547731
North Carolina,7/1/2020 0:00,4944753,436774
North Dakota,7/1/2020 0:00,410373,26043
Ohio,7/1/2020 0:00,5734905,528987
Oklahoma,7/1/2020 0:00,1811723,128682
Oregon,7/1/2020 0:00,2084949,221460
Pennsylvania,7/1/2020 0:00,6458600,824771
Rhode Island,7/1/2020 0:00,564414,65181
South Carolina,7/1/2020 0:00,2487636,220921
South Dakota,7/1/2020 0:00,473798,28882
Tennessee,7/1/2020 0:00,3178426,321520
Texas,7/1/2020 0:00,13858302,1151623
Utah,7/1/2020 0:00,1634784,75477
Vermont,7/1/2020 0:00,343771,28191
Virginia,7/1/2020 0:00,4376805,349288
Washington,7/1/2020 0:00,3989011,400223
West Virginia,7/1/2020 0:00,769225,76141
Wisconsin,7/1/2020 0:00,3070321,219150
Wyoming,7/1/2020 0:00,299734,20377
Alabama,8/1/2020 0:00,2256750,131079
Alaska,8/1/2020 0:00,335272,21465
Arizona,8/1/2020 0:00,3413331,214332
Arkansas,8/1/2020 0:00,1346162,99714
California,8/1/2020 0:00,18729407,2171794
Colorado,8/1/2020 0:00,3100236,205082
Connecticut,8/1/2020 0:00,1877381,153302
Delaware,8/1/2020 0:00,503759,45671
D.C.,8/1/2020 0:00,394337,34292
Florida,8/1/2020 0:00,10137020,779311
Georgia,8/1/2020 0:00,4894071,286484
Hawaii,8/1/2020 0:00,636633,79300
Idaho,8/1/2020 0:00,898836,33876
Illinois,8/1/2020 0:00,6349369,691640
Indiana,8/1/2020 0:00,3364666,217524
Iowa,8/1/2020 0:00,1620207,96178
Kansas,8/1/2020 0:00,1494595,105906
Kentucky,8/1/2020 0:00,2004008,149419
Louisiana,8/1/2020 0:00,2106476,169779
Maine,8/1/2020 0:00,694278,42937
Maryland,8/1/2020 0:00,3258880,229494
Massachusetts,8/1/2020 0:00,3581311,399730
Michigan,8/1/2020 0:00,4941320,439661
Minnesota,8/1/2020 0:00,3121133,223097
Mississippi,8/1/2020 0:00,1238773,97785
Missouri,8/1/2020 0:00,3067772,218155
Montana,8/1/2020 0:00,537184,27741
Nebraska,8/1/2020 0:00,1040865,40679
Nevada,8/1/2020 0:00,1494549,198063
New Hampshire,8/1/2020 0:00,745326,47347
New Jersey,8/1/2020 0:00,4586367,500771
New Mexico,8/1/2020 0:00,893293,102883
New York,8/1/2020 0:00,9521651,1200119
North Carolina,8/1/2020 0:00,4813107,327976
North Dakota,8/1/2020 0:00,403565,19386
Ohio,8/1/2020 0:00,5786919,510199
Oklahoma,8/1/2020 0:00,1824934,102709
Oregon,8/1/2020 0:00,2072940,161839
Pennsylvania,8/1/2020 0:00,6337905,664889
Rhode Island,8/1/2020 0:00,546274,70807
South Carolina,8/1/2020 0:00,2428166,160004
South Dakota,8/1/2020 0:00,463355,21806
Tennessee,8/1/2020 0:00,3381884,289511
Texas,8/1/2020 0:00,14325524,996264
Utah,8/1/2020 0:00,1627683,68301
Vermont,8/1/2020 0:00,327153,15117
Virginia,8/1/2020 0:00,4348190,274828
Washington,8/1/2020 0:00,3963255,333170
West Virginia,8/1/2020 0:00,772389,67061
Wisconsin,8/1/2020 0:00,3062770,185857
Wyoming,8/1/2020 0:00,295091,17842
Alabama,9/1/2020 0:00,2266350,147185
Alaska,9/1/2020 0:00,334515,21580
Arizona,9/1/2020 0:00,3587391,236960
Arkansas,9/1/2020 0:00,1344851,93700
California,9/1/2020 0:00,18730849,2005969
Colorado,9/1/2020 0:00,3135918,192920
Connecticut,9/1/2020 0:00,1892440,142318
Delaware,9/1/2020 0:00,484737,40387
D.C.,9/1/2020 0:00,396021,36262
Florida,9/1/2020 0:00,10166280,735744
Georgia,9/1/2020 0:00,4938515,306054
Hawaii,9/1/2020 0:00,610217,92450
Idaho,9/1/2020 0:00,919116,51637
Illinois,9/1/2020 0:00,6334468,634628
Indiana,9/1/2020 0:00,3343358,195513
Iowa,9/1/2020 0:00,1632950,71212
Kansas,9/1/2020 0:00,1467274,81479
Kentucky,9/1/2020 0:00,1894665,98849
Louisiana,9/1/2020 0:00,2097096,169723
Maine,9/1/2020 0:00,682807,37161
Maryland,9/1/2020 0:00,3079451,225825
Massachusetts,9/1/2020 0:00,3752660,362323
Michigan,9/1/2020 0:00,4833677,396905
Minnesota,9/1/2020 0:00,3055645,163943
Mississippi,9/1/2020 0:00,1297658,90055
Missouri,9/1/2020 0:00,2994695,127577
Montana,9/1/2020 0:00,533013,24499
Nebraska,9/1/2020 0:00,1026784,34586
Nevada,9/1/2020 0:00,1550430,192954
New Hampshire,9/1/2020 0:00,736395,40491
New Jersey,9/1/2020 0:00,4291718,276969
New Mexico,9/1/2020 0:00,952541,93936
New York,9/1/2020 0:00,9128601,849479
North Carolina,9/1/2020 0:00,4896385,339862
North Dakota,9/1/2020 0:00,396704,15129
Ohio,9/1/2020 0:00,5643557,448813
Oklahoma,9/1/2020 0:00,1885410,99532
Oregon,9/1/2020 0:00,2038215,149864
Pennsylvania,9/1/2020 0:00,6419715,502581
Rhode Island,9/1/2020 0:00,561092,56963
South Carolina,9/1/2020 0:00,2372326,116197
South Dakota,9/1/2020 0:00,462748,17379
Tennessee,9/1/2020 0:00,3303274,210097
Texas,9/1/2020 0:00,14198955,1163781
Utah,9/1/2020 0:00,1669478,78973
Vermont,9/1/2020 0:00,320494,13356
Virginia,9/1/2020 0:00,4273950,262055
Washington,9/1/2020 0:00,3935164,308164
West Virginia,9/1/2020 0:00,776210,61636
Wisconsin,9/1/2020 0:00,3130746,144668
Wyoming,9/1/2020 0:00,295023,16375
Alabama,10/1/2020 0:00,2256997,123584
Alaska,10/1/2020 0:00,351548,19030
Arizona,10/1/2020 0:00,3594564,284601
Arkansas,10/1/2020 0:00,1331562,76007
California,10/1/2020 0:00,19341630,1736288
Colorado,10/1/2020 0:00,3151175,194309
Connecticut,10/1/2020 0:00,1856084,108532
Delaware,10/1/2020 0:00,478936,26334
D.C.,10/1/2020 0:00,395863,32473
Florida,10/1/2020 0:00,10153913,652787
Georgia,10/1/2020 0:00,5093669,228654
Hawaii,10/1/2020 0:00,639195,90903
Idaho,10/1/2020 0:00,915311,45983
Illinois,10/1/2020 0:00,6255869,407255
Indiana,10/1/2020 0:00,3353337,160712
Iowa,10/1/2020 0:00,1638478,49084
Kansas,10/1/2020 0:00,1519494,74643
Kentucky,10/1/2020 0:00,1955722,135622
Louisiana,10/1/2020 0:00,2118292,197250
Maine,10/1/2020 0:00,679139,32295
Maryland,10/1/2020 0:00,3157253,241545
Massachusetts,10/1/2020 0:00,3610723,250244
Michigan,10/1/2020 0:00,4868808,247431
Minnesota,10/1/2020 0:00,3017864,117689
Mississippi,10/1/2020 0:00,1289654,90150
Missouri,10/1/2020 0:00,2980680,114425
Montana,10/1/2020 0:00,533821,22296
Nebraska,10/1/2020 0:00,1029141,27876
Nevada,10/1/2020 0:00,1548358,182494
New Hampshire,10/1/2020 0:00,724578,27260
New Jersey,10/1/2020 0:00,4404759,345181
New Mexico,10/1/2020 0:00,929046,73809
New York,10/1/2020 0:00,9072437,834025
North Carolina,10/1/2020 0:00,4958027,302413
North Dakota,10/1/2020 0:00,399873,15922
Ohio,10/1/2020 0:00,5815536,299998
Oklahoma,10/1/2020 0:00,1880047,115470
Oregon,10/1/2020 0:00,2145460,137452
Pennsylvania,10/1/2020 0:00,6357371,436208
Rhode Island,10/1/2020 0:00,542409,35151
South Carolina,10/1/2020 0:00,2386076,97321
South Dakota,10/1/2020 0:00,463636,15362
Tennessee,10/1/2020 0:00,3332952,240834
Texas,10/1/2020 0:00,14094292,950292
Utah,10/1/2020 0:00,1645673,61597
Vermont,10/1/2020 0:00,319265,7559
Virginia,10/1/2020 0:00,4272772,218161
Washington,10/1/2020 0:00,4004506,222624
West Virginia,10/1/2020 0:00,768774,44143
Wisconsin,10/1/2020 0:00,3122618,153490
Wyoming,10/1/2020 0:00,295987,14930
Alabama,11/1/2020 0:00,2260561,90187
Alaska,11/1/2020 0:00,346092,22042
Arizona,11/1/2020 0:00,3578897,276261
Arkansas,11/1/2020 0:00,1318179,76825
California,11/1/2020 0:00,18938160,1495691
Colorado,11/1/2020 0:00,3171032,196649
Connecticut,11/1/2020 0:00,1886051,145522
Delaware,11/1/2020 0:00,480897,22373
D.C.,11/1/2020 0:00,397117,28919
Florida,11/1/2020 0:00,10092127,621086
Georgia,11/1/2020 0:00,5155192,275670
Hawaii,11/1/2020 0:00,663132,68832
Idaho,11/1/2020 0:00,901607,43164
Illinois,11/1/2020 0:00,6170882,399750
Indiana,11/1/2020 0:00,3309509,163034
Iowa,11/1/2020 0:00,1608561,53506
Kansas,11/1/2020 0:00,1528366,73228
Kentucky,11/1/2020 0:00,2015202,102427
Louisiana,11/1/2020 0:00,2091407,172445
Maine,11/1/2020 0:00,670818,31285
Maryland,11/1/2020 0:00,3134905,207281
Massachusetts,11/1/2020 0:00,3582691,223481
Michigan,11/1/2020 0:00,4932851,311286
Minnesota,11/1/2020 0:00,3033280,120396
Mississippi,11/1/2020 0:00,1276813,75711
Missouri,11/1/2020 0:00,2997284,119944
Montana,11/1/2020 0:00,535514,23538
Nebraska,11/1/2020 0:00,1031496,27574
Nevada,11/1/2020 0:00,1494958,151482
New Hampshire,11/1/2020 0:00,749814,27730
New Jersey,11/1/2020 0:00,4532883,445657
New Mexico,11/1/2020 0:00,928388,63048
New York,11/1/2020 0:00,9061253,735708
North Carolina,11/1/2020 0:00,4985837,300890
North Dakota,11/1/2020 0:00,397707,16681
Ohio,11/1/2020 0:00,5728834,298530
Oklahoma,11/1/2020 0:00,1870942,111252
Oregon,11/1/2020 0:00,2121235,116823
Pennsylvania,11/1/2020 0:00,6280344,394781
Rhode Island,11/1/2020 0:00,544204,38000
South Carolina,11/1/2020 0:00,2321613,95032
South Dakota,11/1/2020 0:00,461207,15481
Tennessee,11/1/2020 0:00,3455071,171236
Texas,11/1/2020 0:00,14200317,1130172
Utah,11/1/2020 0:00,1650422,64580
Vermont,11/1/2020 0:00,321324,8892
Virginia,11/1/2020 0:00,4270221,192526
Washington,11/1/2020 0:00,3817261,213891
West Virginia,11/1/2020 0:00,767477,44519
Wisconsin,11/1/2020 0:00,3103507,144593
Wyoming,11/1/2020 0:00,294251,14594
Alabama,12/1/2020 0:00,2233124,82601
Alaska,12/1/2020 0:00,343753,20481
Arizona,12/1/2020 0:00,3567761,259221
Arkansas,12/1/2020 0:00,1349863,54497
California,12/1/2020 0:00,18916444,1669625
Colorado,12/1/2020 0:00,3204625,264285
Connecticut,12/1/2020 0:00,1868773,139902
Delaware,12/1/2020 0:00,477702,23075
D.C.,12/1/2020 0:00,413304,31477
Florida,12/1/2020 0:00,10093945,586855
Georgia,12/1/2020 0:00,5116980,273874
Hawaii,12/1/2020 0:00,651714,58595
Idaho,12/1/2020 0:00,903201,40416
Illinois,12/1/2020 0:00,6152160,462321
Indiana,12/1/2020 0:00,3370340,136335
Iowa,12/1/2020 0:00,1613697,52950
Kansas,12/1/2020 0:00,1502220,52888
Kentucky,12/1/2020 0:00,2007867,114556
Louisiana,12/1/2020 0:00,2079591,142519
Maine,12/1/2020 0:00,667918,31658
Maryland,12/1/2020 0:00,3123417,188095
Massachusetts,12/1/2020 0:00,3648590,258000
Michigan,12/1/2020 0:00,4783402,346968
Minnesota,12/1/2020 0:00,3018335,137721
Mississippi,12/1/2020 0:00,1268657,75466
Missouri,12/1/2020 0:00,3069786,177965
Montana,12/1/2020 0:00,530555,23681
Nebraska,12/1/2020 0:00,1031054,28859
Nevada,12/1/2020 0:00,1482807,133043
New Hampshire,12/1/2020 0:00,745120,27976
New Jersey,12/1/2020 0:00,4444535,329770
New Mexico,12/1/2020 0:00,932560,71906
New York,12/1/2020 0:00,9037394,733171
North Carolina,12/1/2020 0:00,4978718,297387
North Dakota,12/1/2020 0:00,396991,16323
Ohio,12/1/2020 0:00,5634688,295513
Oklahoma,12/1/2020 0:00,1839955,95263
Oregon,12/1/2020 0:00,2111895,125889
Pennsylvania,12/1/2020 0:00,6239878,397625
Rhode Island,12/1/2020 0:00,542723,42022
South Carolina,12/1/2020 0:00,2321019,106380
South Dakota,12/1/2020 0:00,458878,14642
Tennessee,12/1/2020 0:00,3435147,213010
Texas,12/1/2020 0:00,14170462,1006737
Utah,12/1/2020 0:00,1653543,55016
Vermont,12/1/2020 0:00,320239,9036
Virginia,12/1/2020 0:00,4259711,198530
Washington,12/1/2020 0:00,3851256,276932
West Virginia,12/1/2020 0:00,764473,46519
Wisconsin,12/1/2020 0:00,3094145,162589
Wyoming,12/1/2020 0:00,291676,13527
Alabama,1/1/2021 0:00,"2,228,910","90,217"
Alaska,1/1/2021 0:00,"349,096","24,097"
Arizona,1/1/2021 0:00,"3,572,898","246,905"
Arkansas,1/1/2021 0:00,"1,349,496","68,919"
California,1/1/2021 0:00,"18,621,937","1,720,196"
Colorado,1/1/2021 0:00,"3,171,425","219,461"
Connecticut,1/1/2021 0:00,"1,822,982","154,163"
Delaware,1/1/2021 0:00,"487,574","31,291"
District of Columbia,1/1/2021 0:00,"407,077","32,208"
Florida,1/1/2021 0:00,"10,103,656","536,837"
Georgia,1/1/2021 0:00,"5,111,532","255,937"
Hawaii,1/1/2021 0:00,"655,563","64,829"
Idaho,1/1/2021 0:00,"898,423","39,891"
Illinois,1/1/2021 0:00,"6,091,031","514,563"
Indiana,1/1/2021 0:00,"3,336,057","156,607"
Iowa,1/1/2021 0:00,"1,627,688","78,445"
Kansas,1/1/2021 0:00,"1,515,813","80,758"
Kentucky,1/1/2021 0:00,"1,967,353","104,532"
Louisiana,1/1/2021 0:00,"2,049,594","155,458"
Maine,1/1/2021 0:00,"664,349","42,274"
Maryland,1/1/2021 0:00,"3,078,925","195,821"
Massachusetts,1/1/2021 0:00,"3,693,899","276,677"
Michigan,1/1/2021 0:00,"4,712,994","288,713"
Minnesota,1/1/2021 0:00,"2,983,514","149,830"
Mississippi,1/1/2021 0:00,"1,260,796","78,368"
Missouri,1/1/2021 0:00,"3,042,652","153,990"
Montana,1/1/2021 0:00,"525,782","26,492"
Nebraska,1/1/2021 0:00,"1,012,653","32,188"
Nevada,1/1/2021 0:00,"1,529,355","128,680"
New Hampshire,1/1/2021 0:00,"755,494","30,588"
New Jersey,1/1/2021 0:00,"4,373,251","349,321"
New Mexico,1/1/2021 0:00,"952,128","86,334"
New York,1/1/2021 0:00,"9,184,419","862,734"
North Carolina,1/1/2021 0:00,"4,972,173","296,491"
North Dakota,1/1/2021 0:00,"397,376","19,972"
Ohio,1/1/2021 0:00,"5,690,274","343,463"
Oklahoma,1/1/2021 0:00,"1,864,127","94,797"
Oregon,1/1/2021 0:00,"2,125,111","150,147"
Pennsylvania,1/1/2021 0:00,"6,242,716","499,400"
Rhode Island,1/1/2021 0:00,"541,026","45,941"
South Carolina,1/1/2021 0:00,"2,341,048","126,343"
South Dakota,1/1/2021 0:00,"461,290","15,102"
Tennessee,1/1/2021 0:00,"3,306,225","177,062"
Texas,1/1/2021 0:00,"14,026,650","1,025,977"
Utah,1/1/2021 0:00,"1,641,309","56,740"
Vermont,1/1/2021 0:00,"311,722","11,471"
Virginia,1/1/2021 0:00,"4,218,059","239,627"
Washington,1/1/2021 0:00,"3,845,838","260,249"
West Virginia,1/1/2021 0:00,"783,457","55,551"
Wisconsin,1/1/2021 0:00,"3,032,623","136,654"
Wyoming,1/1/2021 0:00,"294,201","18,294"
Alabama,2/1/2021 0:00,"2,228,507","83,471"
Alaska,2/1/2021 0:00,"346,580","24,526"
Arizona,2/1/2021 0:00,"3,587,824","251,359"
Arkansas,2/1/2021 0:00,"1,352,184","71,863"
California,2/1/2021 0:00,"19,022,842","1,599,510"
Colorado,2/1/2021 0:00,"3,184,146","217,363"
Connecticut,2/1/2021 0:00,"1,688,949","143,119"
Delaware,2/1/2021 0:00,"489,655","32,678"
District of Columbia,2/1/2021 0:00,"408,029","31,204"
Florida,2/1/2021 0:00,"10,218,694","515,854"
Georgia,2/1/2021 0:00,"5,152,527","227,557"
Hawaii,2/1/2021 0:00,"658,036","56,160"
Idaho,2/1/2021 0:00,"896,134","39,414"
Illinois,2/1/2021 0:00,"6,097,663","475,637"
Indiana,2/1/2021 0:00,"3,300,855","156,087"
Iowa,2/1/2021 0:00,"1,644,709","75,639"
Kansas,2/1/2021 0:00,"1,512,427","69,759"
Kentucky,2/1/2021 0:00,"1,973,763","99,467"
Louisiana,2/1/2021 0:00,"2,042,105","144,344"
Maine,2/1/2021 0:00,"666,927","37,430"
Maryland,2/1/2021 0:00,"3,082,330","187,080"
Massachusetts,2/1/2021 0:00,"3,705,760","268,182"
Michigan,2/1/2021 0:00,"4,644,159","238,660"
Minnesota,2/1/2021 0:00,"2,996,045","139,024"
Mississippi,2/1/2021 0:00,"1,268,337","77,540"
Missouri,2/1/2021 0:00,"3,051,484","151,752"
Montana,2/1/2021 0:00,"528,872","25,813"
Nebraska,2/1/2021 0:00,"1,017,570","35,334"
Nevada,2/1/2021 0:00,"1,553,244","125,509"
New Hampshire,2/1/2021 0:00,"753,805","24,714"
New Jersey,2/1/2021 0:00,"4,398,989","357,837"
New Mexico,2/1/2021 0:00,"954,775","78,354"
New York,2/1/2021 0:00,"9,207,718","883,346"
North Carolina,2/1/2021 0:00,"5,004,228","281,902"
North Dakota,2/1/2021 0:00,"400,257","21,373"
Ohio,2/1/2021 0:00,"5,706,385","318,301"
Oklahoma,2/1/2021 0:00,"1,863,135","95,741"
Oregon,2/1/2021 0:00,"2,135,655","142,346"
Pennsylvania,2/1/2021 0:00,"6,333,338","512,248"
Rhode Island,2/1/2021 0:00,"537,268","42,696"
South Carolina,2/1/2021 0:00,"2,380,151","123,897"
South Dakota,2/1/2021 0:00,"467,857","15,842"
Tennessee,2/1/2021 0:00,"3,299,505","161,313"
Texas,2/1/2021 0:00,"14,049,170","1,059,622"
Utah,2/1/2021 0:00,"1,640,927","58,550"
Vermont,2/1/2021 0:00,"310,194","10,091"
Virginia,2/1/2021 0:00,"4,228,227","227,707"
Washington,2/1/2021 0:00,"3,874,686","247,316"
West Virginia,2/1/2021 0:00,"790,365","54,419"
Wisconsin,2/1/2021 0:00,"3,056,098","148,095"
Wyoming,2/1/2021 0:00,"295,046","19,037"
Alabama,3/1/2021 0:00,"2,213,954","75,788"
Alaska,3/1/2021 0:00,"344,975","25,490"
Arizona,3/1/2021 0:00,"3,599,372","231,829"
Arkansas,3/1/2021 0:00,"1,359,037","64,627"
California,3/1/2021 0:00,"18,911,292","1,549,839"
Colorado,3/1/2021 0:00,"3,155,812","205,805"
Connecticut,3/1/2021 0:00,"1,723,503","142,105"
Delaware,3/1/2021 0:00,"490,936","32,463"
District of Columbia,3/1/2021 0:00,"403,594","27,975"
Florida,3/1/2021 0:00,"10,271,525","542,176"
Georgia,3/1/2021 0:00,"5,174,762","208,569"
Hawaii,3/1/2021 0:00,"652,552","56,542"
Idaho,3/1/2021 0:00,"894,325","36,018"
Illinois,3/1/2021 0:00,"6,102,774","433,143"
Indiana,3/1/2021 0:00,"3,295,778","153,244"
Iowa,3/1/2021 0:00,"1,646,332","73,935"
Kansas,3/1/2021 0:00,"1,506,301","57,593"
Kentucky,3/1/2021 0:00,"1,981,508","99,575"
Louisiana,3/1/2021 0:00,"2,059,354","135,972"
Maine,3/1/2021 0:00,"668,477","36,110"
Maryland,3/1/2021 0:00,"3,108,211","188,570"
Massachusetts,3/1/2021 0:00,"3,703,116","243,726"
Michigan,3/1/2021 0:00,"4,687,935","242,997"
Minnesota,3/1/2021 0:00,"3,000,039","134,554"
Mississippi,3/1/2021 0:00,"1,264,301","78,085"
Missouri,3/1/2021 0:00,"3,065,763","134,452"
Montana,3/1/2021 0:00,"530,088","23,387"
Nebraska,3/1/2021 0:00,"1,014,719","28,747"
Nevada,3/1/2021 0:00,"1,549,050","118,623"
New Hampshire,3/1/2021 0:00,"749,468","23,691"
New Jersey,3/1/2021 0:00,"4,439,157","346,824"
New Mexico,3/1/2021 0:00,"947,280","75,222"
New York,3/1/2021 0:00,"9,436,191","796,730"
North Carolina,3/1/2021 0:00,"4,991,166","228,648"
North Dakota,3/1/2021 0:00,"400,061","19,238"
Ohio,3/1/2021 0:00,"5,719,585","278,590"
Oklahoma,3/1/2021 0:00,"1,855,835","77,150"
Oregon,3/1/2021 0:00,"2,156,640","143,776"
Pennsylvania,3/1/2021 0:00,"6,284,958","456,221"
Rhode Island,3/1/2021 0:00,"539,706","38,993"
South Carolina,3/1/2021 0:00,"2,392,634","114,498"
South Dakota,3/1/2021 0:00,"466,364","15,200"
Tennessee,3/1/2021 0:00,"3,299,464","168,629"
Texas,3/1/2021 0:00,"14,094,131","1,006,954"
Utah,3/1/2021 0:00,"1,636,759","46,785"
Vermont,3/1/2021 0:00,"312,565","10,026"
Virginia,3/1/2021 0:00,"4,248,551","216,835"
Washington,3/1/2021 0:00,"3,899,305","246,226"
West Virginia,3/1/2021 0:00,"783,154","48,011"
Wisconsin,3/1/2021 0:00,"3,070,571","147,187"
Wyoming,3/1/2021 0:00,"294,569","17,284"
Alabama,4/1/2021 0:00,"2,222,921","65,164"
Alaska,4/1/2021 0:00,"350,453","26,458"
Arizona,4/1/2021 0:00,"3,607,237","230,441"
Arkansas,4/1/2021 0:00,"1,365,153","56,479"
California,4/1/2021 0:00,"18,812,393","1,519,999"
Colorado,4/1/2021 0:00,"3,182,651","200,310"
Connecticut,4/1/2021 0:00,"1,740,468","131,871"
Delaware,4/1/2021 0:00,"489,695","29,868"
District of Columbia,4/1/2021 0:00,"401,028","26,493"
Florida,4/1/2021 0:00,"10,357,312","532,443"
Georgia,4/1/2021 0:00,"5,170,111","196,478"
Hawaii,4/1/2021 0:00,"653,202","52,991"
Idaho,4/1/2021 0:00,"900,334","30,181"
Illinois,4/1/2021 0:00,"6,155,621","434,308"
Indiana,4/1/2021 0:00,"3,327,059","139,684"
Iowa,4/1/2021 0:00,"1,651,244","63,523"
Kansas,4/1/2021 0:00,"1,498,390","50,642"
Kentucky,4/1/2021 0:00,"1,982,425","75,878"
Louisiana,4/1/2021 0:00,"2,060,371","136,010"
Maine,4/1/2021 0:00,"670,291","35,196"
Maryland,4/1/2021 0:00,"3,111,886","181,434"
Massachusetts,4/1/2021 0:00,"3,701,234","219,081"
Michigan,4/1/2021 0:00,"4,646,095","213,593"
Minnesota,4/1/2021 0:00,"3,014,296","124,552"
Mississippi,4/1/2021 0:00,"1,273,203","74,208"
Missouri,4/1/2021 0:00,"3,077,629","124,065"
Montana,4/1/2021 0:00,"535,361","20,465"
Nebraska,4/1/2021 0:00,"1,014,655","24,189"
Nevada,4/1/2021 0:00,"1,552,572","122,033"
New Hampshire,4/1/2021 0:00,"743,532","20,026"
New Jersey,4/1/2021 0:00,"4,397,265","315,274"
New Mexico,4/1/2021 0:00,"949,776","72,626"
New York,4/1/2021 0:00,"9,396,986","736,306"
North Carolina,4/1/2021 0:00,"4,974,962","217,379"
North Dakota,4/1/2021 0:00,"401,021","16,268"
Ohio,4/1/2021 0:00,"5,758,674","272,508"
Oklahoma,4/1/2021 0:00,"1,854,824","79,551"
Oregon,4/1/2021 0:00,"2,162,896","134,716"
Pennsylvania,4/1/2021 0:00,"6,222,697","381,904"
Rhode Island,4/1/2021 0:00,"533,412","26,992"
South Carolina,4/1/2021 0:00,"2,372,303","103,534"
South Dakota,4/1/2021 0:00,"468,202","13,873"
Tennessee,4/1/2021 0:00,"3,327,563","155,240"
Texas,4/1/2021 0:00,"14,043,919","881,310"
Utah,4/1/2021 0:00,"1,641,386","45,678"
Vermont,4/1/2021 0:00,"312,703","9,521"
Virginia,4/1/2021 0:00,"4,216,889","165,997"
Washington,4/1/2021 0:00,"3,918,653","240,101"
West Virginia,4/1/2021 0:00,"792,245","44,822"
Wisconsin,4/1/2021 0:00,"3,070,884","131,599"
Wyoming,4/1/2021 0:00,"293,373","16,467"
Alabama,5/1/2021 0:00,"2,208,770","63,436"
Alaska,5/1/2021 0:00,"350,681","22,576"
Arizona,5/1/2021 0:00,"3,628,009","243,383"
Arkansas,5/1/2021 0:00,"1,367,707","61,464"
California,5/1/2021 0:00,"18,946,169","1,422,702"
Colorado,5/1/2021 0:00,"3,179,097","184,411"
Connecticut,5/1/2021 0:00,"1,757,534","120,362"
Delaware,5/1/2021 0:00,"483,338","24,833"
District of Columbia,5/1/2021 0:00,"403,110","25,546"
Florida,5/1/2021 0:00,"10,458,111","524,234"
Georgia,5/1/2021 0:00,"5,152,914","204,347"
Hawaii,5/1/2021 0:00,"644,843","47,916"
Idaho,5/1/2021 0:00,"904,764","26,179"
Illinois,5/1/2021 0:00,"6,172,208","413,924"
Indiana,5/1/2021 0:00,"3,366,515","152,072"
Iowa,5/1/2021 0:00,"1,659,484","68,739"
Kansas,5/1/2021 0:00,"1,503,486","55,480"
Kentucky,5/1/2021 0:00,"1,982,037","77,275"
Louisiana,5/1/2021 0:00,"2,072,115","139,718"
Maine,5/1/2021 0:00,"675,061","34,242"
Maryland,5/1/2021 0:00,"3,124,168","183,619"
Massachusetts,5/1/2021 0:00,"3,689,607","183,227"
Michigan,5/1/2021 0:00,"4,726,444","246,666"
Minnesota,5/1/2021 0:00,"3,039,789","111,905"
Mississippi,5/1/2021 0:00,"1,278,949","78,240"
Missouri,5/1/2021 0:00,"3,101,272","145,266"
Montana,5/1/2021 0:00,"541,155","17,431"
Nebraska,5/1/2021 0:00,"1,023,051","23,669"
Nevada,5/1/2021 0:00,"1,563,823","120,651"
New Hampshire,5/1/2021 0:00,"742,141","17,586"
New Jersey,5/1/2021 0:00,"4,396,150","307,149"
New Mexico,5/1/2021 0:00,"946,233","69,614"
New York,5/1/2021 0:00,"9,276,229","648,311"
North Carolina,5/1/2021 0:00,"4,959,692","222,385"
North Dakota,5/1/2021 0:00,"405,492","14,211"
Ohio,5/1/2021 0:00,"5,523,857","277,897"
Oklahoma,5/1/2021 0:00,"1,864,977","63,838"
Oregon,5/1/2021 0:00,"2,160,642","113,930"
Pennsylvania,5/1/2021 0:00,"6,242,761","354,685"
Rhode Island,5/1/2021 0:00,"536,446","29,453"
South Carolina,5/1/2021 0:00,"2,382,290","86,388"
South Dakota,5/1/2021 0:00,"471,767","13,489"
Tennessee,5/1/2021 0:00,"3,335,691","151,353"
Texas,5/1/2021 0:00,"14,068,550","836,369"
Utah,5/1/2021 0:00,"1,665,629","45,109"
Vermont,5/1/2021 0:00,"316,049","8,090"
Virginia,5/1/2021 0:00,"4,238,427","173,325"
Washington,5/1/2021 0:00,"3,895,552","193,922"
West Virginia,5/1/2021 0:00,"790,328","39,286"
Wisconsin,5/1/2021 0:00,"3,088,951","122,618"
Wyoming,5/1/2021 0:00,"294,720","16,021"
Alabama,6/1/2021 0:00,"2,201,567","81,413"
Alaska,6/1/2021 0:00,"355,659","23,627"
Arizona,6/1/2021 0:00,"3,656,605","265,511"
Arkansas,6/1/2021 0:00,"1,377,560","69,056"
California,6/1/2021 0:00,"19,003,639","1,522,689"
Colorado,6/1/2021 0:00,"3,192,991","199,752"
Connecticut,6/1/2021 0:00,"1,779,014","124,181"
Delaware,6/1/2021 0:00,"494,792","29,080"
District of Columbia,6/1/2021 0:00,"410,836","29,707"
Florida,6/1/2021 0:00,"10,575,435","600,854"
Georgia,6/1/2021 0:00,"5,179,101","230,200"
Hawaii,6/1/2021 0:00,"644,354","50,910"
Idaho,6/1/2021 0:00,"912,010","29,028"
Illinois,6/1/2021 0:00,"6,303,057","497,352"
Indiana,6/1/2021 0:00,"3,384,338","158,161"
Iowa,6/1/2021 0:00,"1,671,262","77,427"
Kansas,6/1/2021 0:00,"1,521,888","66,766"
Kentucky,6/1/2021 0:00,"1,996,738","109,413"
Louisiana,6/1/2021 0:00,"2,091,397","155,158"
Maine,6/1/2021 0:00,"689,391","35,172"
Maryland,6/1/2021 0:00,"3,161,816","210,325"
Massachusetts,6/1/2021 0:00,"3,736,038","201,358"
Michigan,6/1/2021 0:00,"4,752,547","251,163"
Minnesota,6/1/2021 0:00,"3,050,586","133,562"
Mississippi,6/1/2021 0:00,"1,289,733","98,475"
Missouri,6/1/2021 0:00,"3,129,688","161,052"
Montana,6/1/2021 0:00,"547,716","21,700"
Nebraska,6/1/2021 0:00,"1,033,832","27,706"
Nevada,6/1/2021 0:00,"1,560,291","129,556"
New Hampshire,6/1/2021 0:00,"753,042","23,229"
New Jersey,6/1/2021 0:00,"4,478,001","351,401"
New Mexico,6/1/2021 0:00,"956,605","79,941"
New York,6/1/2021 0:00,"9,398,693","681,773"
North Carolina,6/1/2021 0:00,"5,037,754","246,934"
North Dakota,6/1/2021 0:00,"410,250","18,231"
Ohio,6/1/2021 0:00,"5,649,388","354,278"
Oklahoma,6/1/2021 0:00,"1,876,242","70,453"
Oregon,6/1/2021 0:00,"2,175,131","115,165"
Pennsylvania,6/1/2021 0:00,"6,328,870","404,271"
Rhode Island,6/1/2021 0:00,"538,769","31,048"
South Carolina,6/1/2021 0:00,"2,430,942","108,369"
South Dakota,6/1/2021 0:00,"479,067","15,978"
Tennessee,6/1/2021 0:00,"3,344,877","187,515"
Texas,6/1/2021 0:00,"14,127,096","938,842"
Utah,6/1/2021 0:00,"1,677,411","51,382"
Vermont,6/1/2021 0:00,"320,836","11,376"
Virginia,6/1/2021 0:00,"4,288,785","192,555"
Washington,6/1/2021 0:00,"3,930,058","210,033"
West Virginia,6/1/2021 0:00,"802,792","41,205"
Wisconsin,6/1/2021 0:00,"3,158,767","142,285"
Wyoming,6/1/2021 0:00,"299,440","16,825"
Alabama,7/1/2021 0:00,"2,226,916","76,058"
Alaska,7/1/2021 0:00,"355,856","21,021"
Arizona,7/1/2021 0:00,"3,644,623","233,367"
Arkansas,7/1/2021 0:00,"1,369,922","62,998"
California,7/1/2021 0:00,"19,162,864","1,505,402"
Colorado,7/1/2021 0:00,"3,193,950","190,072"
Connecticut,7/1/2021 0:00,"1,835,117","126,865"
Delaware,7/1/2021 0:00,"492,377","27,031"
District of Columbia,7/1/2021 0:00,"419,413","27,612"
Florida,7/1/2021 0:00,"10,646,695","545,882"
Georgia,7/1/2021 0:00,"5,168,565","164,586"
Hawaii,7/1/2021 0:00,"646,745","44,339"
Idaho,7/1/2021 0:00,"912,147","26,396"
Illinois,7/1/2021 0:00,"6,318,805","442,160"
Indiana,7/1/2021 0:00,"3,354,296","142,656"
Iowa,7/1/2021 0:00,"1,683,018","67,876"
Kansas,7/1/2021 0:00,"1,538,271","72,351"
Kentucky,7/1/2021 0:00,"1,995,108","94,148"
Louisiana,7/1/2021 0:00,"2,089,612","132,366"
Maine,7/1/2021 0:00,"703,353","35,265"
Maryland,7/1/2021 0:00,"3,198,938","185,608"
Massachusetts,7/1/2021 0:00,"3,751,308","212,560"
Michigan,7/1/2021 0:00,"4,805,709","241,641"
Minnesota,7/1/2021 0:00,"3,050,504","103,672"
Mississippi,7/1/2021 0:00,"1,292,782","87,029"
Missouri,7/1/2021 0:00,"3,099,297","119,647"
Montana,7/1/2021 0:00,"549,555","17,489"
Nebraska,7/1/2021 0:00,"1,034,150","21,733"
Nevada,7/1/2021 0:00,"1,547,673","126,825"
New Hampshire,7/1/2021 0:00,"760,531","25,914"
New Jersey,7/1/2021 0:00,"4,496,967","339,199"
New Mexico,7/1/2021 0:00,"957,319","73,983"
New York,7/1/2021 0:00,"9,382,033","689,652"
North Carolina,7/1/2021 0:00,"5,049,442","232,513"
North Dakota,7/1/2021 0:00,"411,327","14,950"
Ohio,7/1/2021 0:00,"5,699,962","337,903"
Oklahoma,7/1/2021 0:00,"1,866,548","57,548"
Oregon,7/1/2021 0:00,"2,190,809","105,813"
Pennsylvania,7/1/2021 0:00,"6,363,999","428,251"
Rhode Island,7/1/2021 0:00,"539,649","31,277"
South Carolina,7/1/2021 0:00,"2,439,076","104,586"
South Dakota,7/1/2021 0:00,"479,266","12,686"
Tennessee,7/1/2021 0:00,"3,354,367","156,612"
Texas,7/1/2021 0:00,"14,191,587","850,567"
Utah,7/1/2021 0:00,"1,672,081","44,211"
Vermont,7/1/2021 0:00,"324,858","10,276"
Virginia,7/1/2021 0:00,"4,315,705","174,890"
Washington,7/1/2021 0:00,"3,971,158","196,909"
West Virginia,7/1/2021 0:00,"800,059","36,400"
Wisconsin,7/1/2021 0:00,"3,165,804","129,295"
Wyoming,7/1/2021 0:00,"296,818","13,098"
Alabama,8/1/2021 0:00,"2,217,056","76,347"
Alaska,8/1/2021 0:00,"353,087","17,925"
Arizona,8/1/2021 0:00,"3,635,739","194,517"
Arkansas,8/1/2021 0:00,"1,357,858","51,514"
California,8/1/2021 0:00,"19,024,443","1,424,252"
Colorado,8/1/2021 0:00,"3,195,524","171,287"
Connecticut,8/1/2021 0:00,"1,804,681","110,390"
Delaware,8/1/2021 0:00,"489,621","26,151"
District of Columbia,8/1/2021 0:00,"410,599","26,045"
Florida,8/1/2021 0:00,"10,627,415","526,445"
Georgia,8/1/2021 0:00,"5,147,836","161,600"
Hawaii,8/1/2021 0:00,"648,554","43,013"
Idaho,8/1/2021 0:00,"912,060","24,077"
Illinois,8/1/2021 0:00,"6,239,394","425,859"
Indiana,8/1/2021 0:00,"3,334,878","133,638"
Iowa,8/1/2021 0:00,"1,647,396","62,712"
Kansas,8/1/2021 0:00,"1,509,879","60,966"
Kentucky,8/1/2021 0:00,"1,991,642","74,395"
Louisiana,8/1/2021 0:00,"2,060,627","113,530"
Maine,8/1/2021 0:00,"695,007","30,842"
Maryland,8/1/2021 0:00,"3,150,758","181,422"
Massachusetts,8/1/2021 0:00,"3,752,473","203,481"
Michigan,8/1/2021 0:00,"4,777,722","209,550"
Minnesota,8/1/2021 0:00,"3,036,134","102,067"
Mississippi,8/1/2021 0:00,"1,271,875","75,231"
Missouri,8/1/2021 0:00,"3,056,710","106,901"
Montana,8/1/2021 0:00,"547,971","15,687"
Nebraska,8/1/2021 0:00,"1,022,095","18,780"
Nevada,8/1/2021 0:00,"1,533,342","109,306"
New Hampshire,8/1/2021 0:00,"757,045","21,649"
New Jersey,8/1/2021 0:00,"4,437,037","298,831"
New Mexico,8/1/2021 0:00,"950,043","59,762"
New York,8/1/2021 0:00,"9,339,555","667,488"
North Carolina,8/1/2021 0:00,"5,027,377","221,865"
North Dakota,8/1/2021 0:00,"406,692","13,041"
Ohio,8/1/2021 0:00,"5,683,876","291,845"
Oklahoma,8/1/2021 0:00,"1,851,843","51,570"
Oregon,8/1/2021 0:00,"2,176,876","98,497"
Pennsylvania,8/1/2021 0:00,"6,325,232","423,494"
Rhode Island,8/1/2021 0:00,"535,396","32,304"
South Carolina,8/1/2021 0:00,"2,417,092","102,212"
South Dakota,8/1/2021 0:00,"475,721","13,572"
Tennessee,8/1/2021 0:00,"3,316,531","141,194"
Texas,8/1/2021 0:00,"14,192,497","759,139"
Utah,8/1/2021 0:00,"1,674,828","42,593"
Vermont,8/1/2021 0:00,"322,573","9,543"
Virginia,8/1/2021 0:00,"4,265,719","161,621"
Washington,8/1/2021 0:00,"3,959,766","197,106"
West Virginia,8/1/2021 0:00,"794,840","33,895"
Wisconsin,8/1/2021 0:00,"3,130,288","125,946"
Wyoming,8/1/2021 0:00,"294,925","10,969"
